id;bc;kIns_f_type;kIns_f_start;kIns_f_stop;kIns_f_init;kIns_f_final
Storage-bc0-s0-000;0;0;0;0;0;0.0
Storage-bc0-s1-000;0;2;151;672;0;0.19
Storage-bc0-s1-001;0;1;164;672;0;0.38
Storage-bc0-s1-002;0;2;589;672;0;0.02
Storage-bc0-s1-003;0;1;526;672;0;0.22
Storage-bc0-s1-004;0;1;508;672;0;0.1
Storage-bc0-s1-005;0;2;432;672;0;0.05
Storage-bc0-s1-006;0;1;379;672;0;0.57
Storage-bc0-s1-007;0;1;590;672;0;0.27
Storage-bc0-s1-008;0;2;641;672;0;0.19
Storage-bc0-s1-009;0;2;15;672;0;0.08
Storage-bc0-s1-010;0;2;112;672;0;0.12
Storage-bc0-s1-011;0;1;126;672;0;0.25
Storage-bc0-s1-012;0;2;188;672;0;0.09
Storage-bc0-s1-013;0;2;669;672;0;0.04
Storage-bc0-s1-014;0;1;430;672;0;0.35
Storage-bc0-s1-015;0;2;39;672;0;0.17
Storage-bc0-s1-016;0;1;476;672;0;0.02
Storage-bc0-s1-017;0;1;614;672;0;0.07
Storage-bc0-s1-018;0;1;577;672;0;0.26
Storage-bc0-s1-019;0;2;590;672;0;0.14
Storage-bc0-s1-020;0;1;305;672;0;0.11
Storage-bc0-s1-021;0;2;229;672;0;0.28
Storage-bc0-s1-022;0;2;421;672;0;0.18
Storage-bc0-s1-023;0;1;265;672;0;0.15
Storage-bc0-s1-024;0;1;136;672;0;0.33
Storage-bc0-s1-025;0;1;201;672;0;0.16
Storage-bc0-s1-026;0;1;20;672;0;0.55
Storage-bc0-s1-027;0;2;105;672;0;0.19
Storage-bc0-s1-028;0;2;18;672;0;0.16
Storage-bc0-s1-029;0;2;615;672;0;0.18
Storage-bc0-s1-030;0;2;328;672;0;0.11
Storage-bc0-s1-031;0;2;219;672;0;0.03
Storage-bc0-s1-032;0;2;56;672;0;0.35
Storage-bc0-s1-033;0;2;385;672;0;0.26
Storage-bc0-s1-034;0;1;277;672;0;0.09
Storage-bc0-s1-035;0;2;185;672;0;0.18
Storage-bc0-s1-036;0;1;332;672;0;0.5
Storage-bc0-s1-037;0;2;452;672;0;0.19
Storage-bc0-s1-038;0;2;251;672;0;0.59
Storage-bc0-s1-039;0;1;82;672;0;0.12
Storage-bc0-s1-040;0;2;488;672;0;0.11
Storage-bc0-s1-041;0;2;397;672;0;0.05
Storage-bc0-s1-042;0;2;515;672;0;0.42
Storage-bc0-s1-043;0;1;371;672;0;0.07
Storage-bc0-s1-044;0;1;460;672;0;0.3
Storage-bc0-s1-045;0;2;460;672;0;0.19
Storage-bc0-s1-046;0;1;110;672;0;0.18
Storage-bc0-s1-047;0;2;663;672;0;0.06
Storage-bc0-s1-048;0;2;106;672;0;0.03
Storage-bc0-s1-049;0;2;209;672;0;0.38
Storage-bc0-s1-050;0;2;247;672;0;0.36
Storage-bc0-s1-051;0;2;498;672;0;0.19
Storage-bc0-s1-052;0;2;329;672;0;0.05
Storage-bc0-s1-053;0;2;426;672;0;0.44
Storage-bc0-s1-054;0;2;22;672;0;0.42
Storage-bc0-s1-055;0;1;523;672;0;0.19
Storage-bc0-s1-056;0;2;461;672;0;0.14
Storage-bc0-s1-057;0;1;599;672;0;0.33
Storage-bc0-s1-058;0;1;364;672;0;0.08
Storage-bc0-s1-059;0;1;178;672;0;0.24
Storage-bc0-s1-060;0;2;224;672;0;0.12
Storage-bc0-s1-061;0;1;583;672;0;0.25
Storage-bc0-s1-062;0;1;592;672;0;0.57
Storage-bc0-s1-063;0;1;317;672;0;0.12
Storage-bc0-s1-064;0;1;645;672;0;0.51
Storage-bc0-s1-065;0;2;547;672;0;0.3
Storage-bc0-s1-066;0;1;478;672;0;0.23
Storage-bc0-s1-067;0;2;479;672;0;0.05
Storage-bc0-s1-068;0;1;408;672;0;0.19
Storage-bc0-s1-069;0;1;528;672;0;0.29
Storage-bc0-s1-070;0;1;488;672;0;0.07
Storage-bc0-s1-071;0;1;266;672;0;0.28
Storage-bc0-s1-072;0;2;343;672;0;0.17
Storage-bc0-s1-073;0;1;537;672;0;0.23
Storage-bc0-s1-074;0;1;204;672;0;0.4
Storage-bc0-s1-075;0;2;140;672;0;0.09
Storage-bc0-s1-076;0;2;387;672;0;0.15
Storage-bc0-s1-077;0;2;379;672;0;0.3
Storage-bc0-s1-078;0;2;85;672;0;0.28
Storage-bc0-s1-079;0;1;613;672;0;0.05
Storage-bc0-s1-080;0;1;442;672;0;0.33
Storage-bc0-s1-081;0;2;401;672;0;0.04
Storage-bc0-s1-082;0;2;282;672;0;0.3
Storage-bc0-s1-083;0;1;658;672;0;0.06
Storage-bc0-s1-084;0;1;98;672;0;0.21
Storage-bc0-s1-085;0;1;308;672;0;0.21
Storage-bc0-s1-086;0;1;459;672;0;0.49
Storage-bc0-s1-087;0;1;578;672;0;0.27
Storage-bc0-s1-088;0;1;88;672;0;0.91
Storage-bc0-s1-089;0;1;507;672;0;0.14
Storage-bc0-s1-090;0;1;419;672;0;0.1
Storage-bc0-s1-091;0;2;197;672;0;0.05
Storage-bc0-s1-092;0;1;415;672;0;0.25
Storage-bc0-s1-093;0;1;101;672;0;0.75
Storage-bc0-s1-094;0;1;245;672;0;0.15
Storage-bc0-s1-095;0;1;376;672;0;0.06
Storage-bc0-s1-096;0;2;95;672;0;0.1
Storage-bc0-s1-097;0;1;444;672;0;0.04
Storage-bc0-s1-098;0;2;552;672;0;0.45
Storage-bc0-s1-099;0;1;596;672;0;0.06
Storage-bc1-s0-000;1;0;0;0;0;0.0
Storage-bc1-s1-000;1;1;105;672;0;0.22
Storage-bc1-s1-001;1;1;199;672;0;0.06
Storage-bc1-s1-002;1;1;304;672;0;0.4
Storage-bc1-s1-003;1;2;98;672;0;0.2
Storage-bc1-s1-004;1;1;470;672;0;0.34
Storage-bc1-s1-005;1;2;127;672;0;0.23
Storage-bc1-s1-006;1;2;630;672;0;0.38
Storage-bc1-s1-007;1;1;302;672;0;0.05
Storage-bc1-s1-008;1;2;574;672;0;0.04
Storage-bc1-s1-009;1;1;5;672;0;0.25
Storage-bc1-s1-010;1;1;453;672;0;0.33
Storage-bc1-s1-011;1;1;365;672;0;0.15
Storage-bc1-s1-012;1;2;589;672;0;0.22
Storage-bc1-s1-013;1;1;297;672;0;0.45
Storage-bc1-s1-014;1;2;317;672;0;0.13
Storage-bc1-s1-015;1;2;287;672;0;0.34
Storage-bc1-s1-016;1;1;321;672;0;0.37
Storage-bc1-s1-017;1;2;650;672;0;0.17
Storage-bc1-s1-018;1;1;221;672;0;0.19
Storage-bc1-s1-019;1;1;33;672;0;0.48
Storage-bc1-s1-020;1;1;522;672;0;0.45
Storage-bc1-s1-021;1;2;601;672;0;0.23
Storage-bc1-s1-022;1;1;622;672;0;0.08
Storage-bc1-s1-023;1;1;319;672;0;0.17
Storage-bc1-s1-024;1;2;9;672;0;0.19
Storage-bc1-s1-025;1;1;383;672;0;0.3
Storage-bc1-s1-026;1;1;497;672;0;0.06
Storage-bc1-s1-027;1;1;108;672;0;0.42
Storage-bc1-s1-028;1;1;555;672;0;0.49
Storage-bc1-s1-029;1;2;453;672;0;0.22
Storage-bc1-s1-030;1;2;510;672;0;0.56
Storage-bc1-s1-031;1;1;391;672;0;0.53
Storage-bc1-s1-032;1;2;623;672;0;0.84
Storage-bc1-s1-033;1;2;537;672;0;0.18
Storage-bc1-s1-034;1;2;318;672;0;0.63
Storage-bc1-s1-035;1;2;667;672;0;0.29
Storage-bc1-s1-036;1;1;351;672;0;0.3
Storage-bc1-s1-037;1;2;347;672;0;0.54
Storage-bc1-s1-038;1;1;17;672;0;0.17
Storage-bc1-s1-039;1;2;664;672;0;0.01
Storage-bc1-s1-040;1;1;116;672;0;0.16
Storage-bc1-s1-041;1;2;351;672;0;0.15
Storage-bc1-s1-042;1;2;23;672;0;0.13
Storage-bc1-s1-043;1;2;655;672;0;0.2
Storage-bc1-s1-044;1;1;46;672;0;0.02
Storage-bc1-s1-045;1;1;613;672;0;0.2
Storage-bc1-s1-046;1;2;370;672;0;0.06
Storage-bc1-s1-047;1;2;360;672;0;0.24
Storage-bc1-s1-048;1;2;566;672;0;0.58
Storage-bc1-s1-049;1;2;453;672;0;0.29
Storage-bc1-s1-050;1;2;57;672;0;0.47
Storage-bc1-s1-051;1;1;203;672;0;0.28
Storage-bc1-s1-052;1;1;239;672;0;0.04
Storage-bc1-s1-053;1;1;419;672;0;0.15
Storage-bc1-s1-054;1;2;360;672;0;0.17
Storage-bc1-s1-055;1;2;661;672;0;0.36
Storage-bc1-s1-056;1;2;307;672;0;0.03
Storage-bc1-s1-057;1;1;255;672;0;0.29
Storage-bc1-s1-058;1;1;573;672;0;0.1
Storage-bc1-s1-059;1;1;582;672;0;0.32
Storage-bc1-s1-060;1;2;196;672;0;0.34
Storage-bc1-s1-061;1;1;0;672;0;0.16
Storage-bc1-s1-062;1;2;355;672;0;0.22
Storage-bc1-s1-063;1;2;163;672;0;0.39
Storage-bc1-s1-064;1;2;126;672;0;0.28
Storage-bc1-s1-065;1;2;255;672;0;0.35
Storage-bc1-s1-066;1;1;457;672;0;0.69
Storage-bc1-s1-067;1;1;92;672;0;0.03
Storage-bc1-s1-068;1;2;27;672;0;0.42
Storage-bc1-s1-069;1;1;282;672;0;0.24
Storage-bc1-s1-070;1;2;14;672;0;0.46
Storage-bc1-s1-071;1;1;263;672;0;0.18
Storage-bc1-s1-072;1;2;603;672;0;0.21
Storage-bc1-s1-073;1;1;364;672;0;0.24
Storage-bc1-s1-074;1;1;62;672;0;0.87
Storage-bc1-s1-075;1;1;649;672;0;0.76
Storage-bc1-s1-076;1;1;30;672;0;0.16
Storage-bc1-s1-077;1;1;432;672;0;0.15
Storage-bc1-s1-078;1;2;445;672;0;0.28
Storage-bc1-s1-079;1;1;83;672;0;0.0
Storage-bc1-s1-080;1;1;637;672;0;0.27
Storage-bc1-s1-081;1;2;636;672;0;0.16
Storage-bc1-s1-082;1;1;108;672;0;0.18
Storage-bc1-s1-083;1;2;323;672;0;0.01
Storage-bc1-s1-084;1;2;123;672;0;0.04
Storage-bc1-s1-085;1;2;77;672;0;0.48
Storage-bc1-s1-086;1;1;42;672;0;0.27
Storage-bc1-s1-087;1;1;336;672;0;0.23
Storage-bc1-s1-088;1;1;538;672;0;0.34
Storage-bc1-s1-089;1;1;112;672;0;0.01
Storage-bc1-s1-090;1;2;406;672;0;0.16
Storage-bc1-s1-091;1;1;486;672;0;0.13
Storage-bc1-s1-092;1;2;166;672;0;0.12
Storage-bc1-s1-093;1;2;600;672;0;0.28
Storage-bc1-s1-094;1;1;581;672;0;0.15
Storage-bc1-s1-095;1;2;407;672;0;0.02
Storage-bc1-s1-096;1;2;581;672;0;0.44
Storage-bc1-s1-097;1;2;543;672;0;0.26
Storage-bc1-s1-098;1;2;102;672;0;0.65
Storage-bc1-s1-099;1;1;571;672;0;0.14
Storage-bc2-s0-000;2;0;0;0;0;0.0
Storage-bc2-s1-000;2;1;145;672;0;0.03
Storage-bc2-s1-001;2;2;601;672;0;0.01
Storage-bc2-s1-002;2;2;111;672;0;0.2
Storage-bc2-s1-003;2;2;73;672;0;0.46
Storage-bc2-s1-004;2;2;104;672;0;0.24
Storage-bc2-s1-005;2;2;393;672;0;0.27
Storage-bc2-s1-006;2;2;290;672;0;0.04
Storage-bc2-s1-007;2;2;239;672;0;0.3
Storage-bc2-s1-008;2;2;635;672;0;0.47
Storage-bc2-s1-009;2;2;4;672;0;0.49
Storage-bc2-s1-010;2;1;519;672;0;0.63
Storage-bc2-s1-011;2;2;451;672;0;0.04
Storage-bc2-s1-012;2;1;247;672;0;0.34
Storage-bc2-s1-013;2;2;264;672;0;0.78
Storage-bc2-s1-014;2;1;408;672;0;0.43
Storage-bc2-s1-015;2;2;29;672;0;0.65
Storage-bc2-s1-016;2;2;304;672;0;0.2
Storage-bc2-s1-017;2;1;201;672;0;0.38
Storage-bc2-s1-018;2;1;12;672;0;0.0
Storage-bc2-s1-019;2;2;366;672;0;0.26
Storage-bc2-s1-020;2;2;426;672;0;0.27
Storage-bc2-s1-021;2;1;310;672;0;0.05
Storage-bc2-s1-022;2;2;560;672;0;0.16
Storage-bc2-s1-023;2;1;454;672;0;0.03
Storage-bc2-s1-024;2;1;244;672;0;0.58
Storage-bc2-s1-025;2;2;100;672;0;0.43
Storage-bc2-s1-026;2;1;119;672;0;0.2
Storage-bc2-s1-027;2;1;337;672;0;0.15
Storage-bc2-s1-028;2;2;491;672;0;0.54
Storage-bc2-s1-029;2;1;186;672;0;0.01
Storage-bc2-s1-030;2;1;379;672;0;0.05
Storage-bc2-s1-031;2;2;70;672;0;0.16
Storage-bc2-s1-032;2;2;392;672;0;0.04
Storage-bc2-s1-033;2;2;44;672;0;0.14
Storage-bc2-s1-034;2;2;131;672;0;0.17
Storage-bc2-s1-035;2;2;589;672;0;0.41
Storage-bc2-s1-036;2;2;347;672;0;0.13
Storage-bc2-s1-037;2;1;97;672;0;0.11
Storage-bc2-s1-038;2;1;150;672;0;0.06
Storage-bc2-s1-039;2;2;196;672;0;0.31
Storage-bc2-s1-040;2;1;519;672;0;0.33
Storage-bc2-s1-041;2;2;20;672;0;0.34
Storage-bc2-s1-042;2;1;636;672;0;0.41
Storage-bc2-s1-043;2;1;504;672;0;0.07
Storage-bc2-s1-044;2;2;391;672;0;0.37
Storage-bc2-s1-045;2;1;579;672;0;0.45
Storage-bc2-s1-046;2;1;583;672;0;0.13
Storage-bc2-s1-047;2;1;308;672;0;0.27
Storage-bc2-s1-048;2;2;209;672;0;0.07
Storage-bc2-s1-049;2;2;347;672;0;0.48
Storage-bc2-s1-050;2;1;270;672;0;0.56
Storage-bc2-s1-051;2;1;290;672;0;0.04
Storage-bc2-s1-052;2;1;406;672;0;0.05
Storage-bc2-s1-053;2;2;463;672;0;0.85
Storage-bc2-s1-054;2;2;409;672;0;0.02
Storage-bc2-s1-055;2;1;397;672;0;0.04
Storage-bc2-s1-056;2;1;564;672;0;0.03
Storage-bc2-s1-057;2;2;128;672;0;0.19
Storage-bc2-s1-058;2;1;155;672;0;0.82
Storage-bc2-s1-059;2;2;99;672;0;0.31
Storage-bc2-s1-060;2;2;186;672;0;0.22
Storage-bc2-s1-061;2;2;546;672;0;0.26
Storage-bc2-s1-062;2;2;402;672;0;0.34
Storage-bc2-s1-063;2;2;518;672;0;0.23
Storage-bc2-s1-064;2;2;203;672;0;0.48
Storage-bc2-s1-065;2;2;368;672;0;0.11
Storage-bc2-s1-066;2;1;638;672;0;0.02
Storage-bc2-s1-067;2;2;358;672;0;0.4
Storage-bc2-s1-068;2;2;340;672;0;0.04
Storage-bc2-s1-069;2;2;57;672;0;0.3
Storage-bc2-s1-070;2;2;249;672;0;0.31
Storage-bc2-s1-071;2;2;482;672;0;0.4
Storage-bc2-s1-072;2;2;585;672;0;0.19
Storage-bc2-s1-073;2;2;643;672;0;0.52
Storage-bc2-s1-074;2;2;387;672;0;0.53
Storage-bc2-s1-075;2;1;450;672;0;0.08
Storage-bc2-s1-076;2;2;414;672;0;0.03
Storage-bc2-s1-077;2;1;513;672;0;0.26
Storage-bc2-s1-078;2;2;61;672;0;0.17
Storage-bc2-s1-079;2;2;408;672;0;0.27
Storage-bc2-s1-080;2;1;295;672;0;0.14
Storage-bc2-s1-081;2;1;182;672;0;0.28
Storage-bc2-s1-082;2;1;579;672;0;0.04
Storage-bc2-s1-083;2;2;553;672;0;0.47
Storage-bc2-s1-084;2;2;359;672;0;0.38
Storage-bc2-s1-085;2;1;645;672;0;0.31
Storage-bc2-s1-086;2;1;341;672;0;0.41
Storage-bc2-s1-087;2;2;285;672;0;0.55
Storage-bc2-s1-088;2;2;161;672;0;0.0
Storage-bc2-s1-089;2;1;649;672;0;0.44
Storage-bc2-s1-090;2;2;144;672;0;0.45
Storage-bc2-s1-091;2;2;646;672;0;0.29
Storage-bc2-s1-092;2;2;586;672;0;0.1
Storage-bc2-s1-093;2;1;180;672;0;0.44
Storage-bc2-s1-094;2;2;1;672;0;0.54
Storage-bc2-s1-095;2;2;587;672;0;0.13
Storage-bc2-s1-096;2;1;213;672;0;0.21
Storage-bc2-s1-097;2;1;534;672;0;0.04
Storage-bc2-s1-098;2;2;659;672;0;0.07
Storage-bc2-s1-099;2;1;412;672;0;0.12
Storage-bc3-s0-000;3;0;0;0;0;0.0
Storage-bc3-s1-000;3;2;648;672;0;0.33
Storage-bc3-s1-001;3;2;150;672;0;0.54
Storage-bc3-s1-002;3;2;383;672;0;0.34
Storage-bc3-s1-003;3;1;651;672;0;0.24
Storage-bc3-s1-004;3;1;329;672;0;0.18
Storage-bc3-s1-005;3;1;73;672;0;0.2
Storage-bc3-s1-006;3;2;648;672;0;0.42
Storage-bc3-s1-007;3;2;543;672;0;0.33
Storage-bc3-s1-008;3;2;558;672;0;0.34
Storage-bc3-s1-009;3;2;596;672;0;0.15
Storage-bc3-s1-010;3;2;202;672;0;0.26
Storage-bc3-s1-011;3;2;600;672;0;0.11
Storage-bc3-s1-012;3;1;244;672;0;0.15
Storage-bc3-s1-013;3;1;85;672;0;0.0
Storage-bc3-s1-014;3;1;124;672;0;0.02
Storage-bc3-s1-015;3;2;109;672;0;0.08
Storage-bc3-s1-016;3;1;407;672;0;0.11
Storage-bc3-s1-017;3;1;662;672;0;0.05
Storage-bc3-s1-018;3;1;297;672;0;0.17
Storage-bc3-s1-019;3;2;567;672;0;0.11
Storage-bc3-s1-020;3;1;289;672;0;0.18
Storage-bc3-s1-021;3;2;379;672;0;0.19
Storage-bc3-s1-022;3;2;255;672;0;0.23
Storage-bc3-s1-023;3;2;389;672;0;0.29
Storage-bc3-s1-024;3;2;381;672;0;0.31
Storage-bc3-s1-025;3;2;202;672;0;0.16
Storage-bc3-s1-026;3;1;234;672;0;0.15
Storage-bc3-s1-027;3;2;671;672;0;0.23
Storage-bc3-s1-028;3;2;381;672;0;0.01
Storage-bc3-s1-029;3;2;165;672;0;0.09
Storage-bc3-s1-030;3;1;503;672;0;0.03
Storage-bc3-s1-031;3;2;50;672;0;0.21
Storage-bc3-s1-032;3;1;568;672;0;0.21
Storage-bc3-s1-033;3;1;223;672;0;0.28
Storage-bc3-s1-034;3;1;472;672;0;0.19
Storage-bc3-s1-035;3;2;141;672;0;0.19
Storage-bc3-s1-036;3;2;438;672;0;0.07
Storage-bc3-s1-037;3;1;573;672;0;0.21
Storage-bc3-s1-038;3;1;136;672;0;0.08
Storage-bc3-s1-039;3;1;315;672;0;0.14
Storage-bc3-s1-040;3;1;493;672;0;0.15
Storage-bc3-s1-041;3;1;665;672;0;0.35
Storage-bc3-s1-042;3;2;302;672;0;0.64
Storage-bc3-s1-043;3;2;423;672;0;0.35
Storage-bc3-s1-044;3;1;460;672;0;0.17
Storage-bc3-s1-045;3;1;518;672;0;0.41
Storage-bc3-s1-046;3;1;300;672;0;0.09
Storage-bc3-s1-047;3;1;491;672;0;0.24
Storage-bc3-s1-048;3;1;651;672;0;0.82
Storage-bc3-s1-049;3;1;476;672;0;0.0
Storage-bc3-s1-050;3;2;598;672;0;0.07
Storage-bc3-s1-051;3;2;235;672;0;0.28
Storage-bc3-s1-052;3;1;648;672;0;0.41
Storage-bc3-s1-053;3;1;275;672;0;0.18
Storage-bc3-s1-054;3;2;292;672;0;0.07
Storage-bc3-s1-055;3;2;538;672;0;0.34
Storage-bc3-s1-056;3;2;381;672;0;0.51
Storage-bc3-s1-057;3;2;116;672;0;0.08
Storage-bc3-s1-058;3;2;600;672;0;0.39
Storage-bc3-s1-059;3;2;6;672;0;0.17
Storage-bc3-s1-060;3;2;632;672;0;0.66
Storage-bc3-s1-061;3;1;506;672;0;0.16
Storage-bc3-s1-062;3;1;656;672;0;0.09
Storage-bc3-s1-063;3;1;107;672;0;0.0
Storage-bc3-s1-064;3;1;20;672;0;0.21
Storage-bc3-s1-065;3;2;483;672;0;0.4
Storage-bc3-s1-066;3;2;342;672;0;0.35
Storage-bc3-s1-067;3;1;82;672;0;0.41
Storage-bc3-s1-068;3;2;278;672;0;0.46
Storage-bc3-s1-069;3;2;252;672;0;0.44
Storage-bc3-s1-070;3;1;484;672;0;0.13
Storage-bc3-s1-071;3;1;400;672;0;0.11
Storage-bc3-s1-072;3;1;520;672;0;0.03
Storage-bc3-s1-073;3;2;83;672;0;0.37
Storage-bc3-s1-074;3;1;275;672;0;0.14
Storage-bc3-s1-075;3;1;2;672;0;0.08
Storage-bc3-s1-076;3;2;380;672;0;0.31
Storage-bc3-s1-077;3;2;83;672;0;0.41
Storage-bc3-s1-078;3;2;37;672;0;0.44
Storage-bc3-s1-079;3;2;256;672;0;0.17
Storage-bc3-s1-080;3;1;623;672;0;0.31
Storage-bc3-s1-081;3;2;474;672;0;0.32
Storage-bc3-s1-082;3;2;423;672;0;0.4
Storage-bc3-s1-083;3;1;63;672;0;0.23
Storage-bc3-s1-084;3;2;344;672;0;0.26
Storage-bc3-s1-085;3;2;307;672;0;0.57
Storage-bc3-s1-086;3;1;588;672;0;0.26
Storage-bc3-s1-087;3;1;183;672;0;0.37
Storage-bc3-s1-088;3;1;226;672;0;0.07
Storage-bc3-s1-089;3;1;622;672;0;0.46
Storage-bc3-s1-090;3;2;545;672;0;0.23
Storage-bc3-s1-091;3;1;485;672;0;0.04
Storage-bc3-s1-092;3;1;238;672;0;0.02
Storage-bc3-s1-093;3;2;58;672;0;0.11
Storage-bc3-s1-094;3;2;66;672;0;0.14
Storage-bc3-s1-095;3;2;609;672;0;0.06
Storage-bc3-s1-096;3;1;127;672;0;0.29
Storage-bc3-s1-097;3;2;613;672;0;0.08
Storage-bc3-s1-098;3;1;570;672;0;0.31
Storage-bc3-s1-099;3;2;413;672;0;0.12
Storage-bc4-s0-000;4;0;0;0;0;0.0
Storage-bc4-s1-000;4;1;124;672;0;0.2
Storage-bc4-s1-001;4;2;195;672;0;0.04
Storage-bc4-s1-002;4;1;446;672;0;0.1
Storage-bc4-s1-003;4;2;191;672;0;0.28
Storage-bc4-s1-004;4;2;416;672;0;0.37
Storage-bc4-s1-005;4;1;657;672;0;0.42
Storage-bc4-s1-006;4;1;351;672;0;0.15
Storage-bc4-s1-007;4;1;576;672;0;0.28
Storage-bc4-s1-008;4;2;481;672;0;0.26
Storage-bc4-s1-009;4;2;381;672;0;0.09
Storage-bc4-s1-010;4;2;609;672;0;0.43
Storage-bc4-s1-011;4;2;206;672;0;0.01
Storage-bc4-s1-012;4;2;17;672;0;0.61
Storage-bc4-s1-013;4;1;480;672;0;0.26
Storage-bc4-s1-014;4;1;24;672;0;0.05
Storage-bc4-s1-015;4;1;633;672;0;0.03
Storage-bc4-s1-016;4;1;427;672;0;0.05
Storage-bc4-s1-017;4;1;509;672;0;0.31
Storage-bc4-s1-018;4;1;184;672;0;0.18
Storage-bc4-s1-019;4;2;211;672;0;0.3
Storage-bc4-s1-020;4;2;669;672;0;0.52
Storage-bc4-s1-021;4;2;594;672;0;0.04
Storage-bc4-s1-022;4;1;321;672;0;0.02
Storage-bc4-s1-023;4;1;342;672;0;0.18
Storage-bc4-s1-024;4;1;19;672;0;0.14
Storage-bc4-s1-025;4;1;251;672;0;0.36
Storage-bc4-s1-026;4;1;583;672;0;0.25
Storage-bc4-s1-027;4;2;231;672;0;0.04
Storage-bc4-s1-028;4;1;209;672;0;0.13
Storage-bc4-s1-029;4;2;244;672;0;0.31
Storage-bc4-s1-030;4;1;390;672;0;0.05
Storage-bc4-s1-031;4;1;573;672;0;0.09
Storage-bc4-s1-032;4;2;506;672;0;0.33
Storage-bc4-s1-033;4;1;103;672;0;0.16
Storage-bc4-s1-034;4;2;335;672;0;0.53
Storage-bc4-s1-035;4;2;130;672;0;0.3
Storage-bc4-s1-036;4;1;65;672;0;0.23
Storage-bc4-s1-037;4;2;529;672;0;0.06
Storage-bc4-s1-038;4;2;224;672;0;0.24
Storage-bc4-s1-039;4;2;220;672;0;0.23
Storage-bc4-s1-040;4;1;645;672;0;0.41
Storage-bc4-s1-041;4;1;531;672;0;0.16
Storage-bc4-s1-042;4;1;472;672;0;0.16
Storage-bc4-s1-043;4;2;159;672;0;0.33
Storage-bc4-s1-044;4;1;447;672;0;0.4
Storage-bc4-s1-045;4;1;418;672;0;0.15
Storage-bc4-s1-046;4;2;68;672;0;0.17
Storage-bc4-s1-047;4;1;154;672;0;0.25
Storage-bc4-s1-048;4;2;583;672;0;0.08
Storage-bc4-s1-049;4;2;349;672;0;0.03
Storage-bc4-s1-050;4;2;233;672;0;0.65
Storage-bc4-s1-051;4;2;637;672;0;0.17
Storage-bc4-s1-052;4;2;343;672;0;0.22
Storage-bc4-s1-053;4;2;137;672;0;0.16
Storage-bc4-s1-054;4;1;385;672;0;0.26
Storage-bc4-s1-055;4;1;639;672;0;0.19
Storage-bc4-s1-056;4;2;485;672;0;0.14
Storage-bc4-s1-057;4;1;297;672;0;0.09
Storage-bc4-s1-058;4;1;487;672;0;0.02
Storage-bc4-s1-059;4;1;448;672;0;0.09
Storage-bc4-s1-060;4;2;409;672;0;0.53
Storage-bc4-s1-061;4;1;492;672;0;0.13
Storage-bc4-s1-062;4;1;50;672;0;0.34
Storage-bc4-s1-063;4;2;522;672;0;0.25
Storage-bc4-s1-064;4;1;179;672;0;0.16
Storage-bc4-s1-065;4;1;659;672;0;0.63
Storage-bc4-s1-066;4;2;608;672;0;0.17
Storage-bc4-s1-067;4;2;227;672;0;0.13
Storage-bc4-s1-068;4;1;103;672;0;0.26
Storage-bc4-s1-069;4;1;312;672;0;0.11
Storage-bc4-s1-070;4;1;109;672;0;0.25
Storage-bc4-s1-071;4;1;432;672;0;0.21
Storage-bc4-s1-072;4;2;211;672;0;0.03
Storage-bc4-s1-073;4;2;68;672;0;0.68
Storage-bc4-s1-074;4;2;253;672;0;0.21
Storage-bc4-s1-075;4;1;671;672;0;0.1
Storage-bc4-s1-076;4;2;59;672;0;0.07
Storage-bc4-s1-077;4;1;75;672;0;0.1
Storage-bc4-s1-078;4;1;294;672;0;0.56
Storage-bc4-s1-079;4;1;596;672;0;0.29
Storage-bc4-s1-080;4;1;601;672;0;0.37
Storage-bc4-s1-081;4;1;587;672;0;0.15
Storage-bc4-s1-082;4;1;316;672;0;0.39
Storage-bc4-s1-083;4;1;534;672;0;0.06
Storage-bc4-s1-084;4;2;319;672;0;0.02
Storage-bc4-s1-085;4;1;187;672;0;0.25
Storage-bc4-s1-086;4;2;379;672;0;0.12
Storage-bc4-s1-087;4;1;125;672;0;0.46
Storage-bc4-s1-088;4;1;434;672;0;0.15
Storage-bc4-s1-089;4;1;476;672;0;0.44
Storage-bc4-s1-090;4;1;192;672;0;0.14
Storage-bc4-s1-091;4;2;110;672;0;0.31
Storage-bc4-s1-092;4;1;175;672;0;0.01
Storage-bc4-s1-093;4;2;445;672;0;0.16
Storage-bc4-s1-094;4;1;533;672;0;0.01
Storage-bc4-s1-095;4;2;299;672;0;0.3
Storage-bc4-s1-096;4;1;655;672;0;0.07
Storage-bc4-s1-097;4;1;289;672;0;0.03
Storage-bc4-s1-098;4;2;343;672;0;0.17
Storage-bc4-s1-099;4;1;403;672;0;0.2
Storage-bc5-s0-000;5;0;0;0;0;0.0
Storage-bc5-s1-000;5;2;245;672;0;0.62
Storage-bc5-s1-001;5;2;564;672;0;0.12
Storage-bc5-s1-002;5;1;513;672;0;0.28
Storage-bc5-s1-003;5;1;105;672;0;0.01
Storage-bc5-s1-004;5;2;165;672;0;0.15
Storage-bc5-s1-005;5;2;57;672;0;0.11
Storage-bc5-s1-006;5;1;525;672;0;0.18
Storage-bc5-s1-007;5;1;431;672;0;0.01
Storage-bc5-s1-008;5;1;483;672;0;0.49
Storage-bc5-s1-009;5;2;353;672;0;0.15
Storage-bc5-s1-010;5;1;181;672;0;0.24
Storage-bc5-s1-011;5;2;161;672;0;0.89
Storage-bc5-s1-012;5;1;83;672;0;0.38
Storage-bc5-s1-013;5;2;248;672;0;0.05
Storage-bc5-s1-014;5;1;454;672;0;0.31
Storage-bc5-s1-015;5;1;542;672;0;0.46
Storage-bc5-s1-016;5;1;226;672;0;0.32
Storage-bc5-s1-017;5;1;348;672;0;0.48
Storage-bc5-s1-018;5;2;378;672;0;0.44
Storage-bc5-s1-019;5;1;417;672;0;0.21
Storage-bc5-s1-020;5;2;8;672;0;0.39
Storage-bc5-s1-021;5;1;432;672;0;0.02
Storage-bc5-s1-022;5;1;238;672;0;0.2
Storage-bc5-s1-023;5;2;247;672;0;0.15
Storage-bc5-s1-024;5;1;188;672;0;0.5
Storage-bc5-s1-025;5;1;433;672;0;0.1
Storage-bc5-s1-026;5;1;54;672;0;0.08
Storage-bc5-s1-027;5;2;391;672;0;0.51
Storage-bc5-s1-028;5;1;201;672;0;0.4
Storage-bc5-s1-029;5;1;225;672;0;0.7
Storage-bc5-s1-030;5;1;438;672;0;0.41
Storage-bc5-s1-031;5;2;463;672;0;0.26
Storage-bc5-s1-032;5;1;465;672;0;0.08
Storage-bc5-s1-033;5;1;170;672;0;0.44
Storage-bc5-s1-034;5;2;174;672;0;0.25
Storage-bc5-s1-035;5;1;405;672;0;0.71
Storage-bc5-s1-036;5;1;308;672;0;0.11
Storage-bc5-s1-037;5;2;206;672;0;0.11
Storage-bc5-s1-038;5;2;151;672;0;0.24
Storage-bc5-s1-039;5;1;132;672;0;0.46
Storage-bc5-s1-040;5;1;394;672;0;0.18
Storage-bc5-s1-041;5;1;119;672;0;0.07
Storage-bc5-s1-042;5;2;407;672;0;0.16
Storage-bc5-s1-043;5;2;571;672;0;0.08
Storage-bc5-s1-044;5;1;54;672;0;0.05
Storage-bc5-s1-045;5;2;327;672;0;0.28
Storage-bc5-s1-046;5;2;529;672;0;0.02
Storage-bc5-s1-047;5;2;484;672;0;0.33
Storage-bc5-s1-048;5;1;465;672;0;0.33
Storage-bc5-s1-049;5;1;41;672;0;0.23
Storage-bc5-s1-050;5;1;161;672;0;0.2
Storage-bc5-s1-051;5;1;342;672;0;0.36
Storage-bc5-s1-052;5;1;624;672;0;0.25
Storage-bc5-s1-053;5;2;270;672;0;0.51
Storage-bc5-s1-054;5;2;408;672;0;0.29
Storage-bc5-s1-055;5;2;465;672;0;0.14
Storage-bc5-s1-056;5;1;171;672;0;0.5
Storage-bc5-s1-057;5;1;246;672;0;0.1
Storage-bc5-s1-058;5;1;180;672;0;0.05
Storage-bc5-s1-059;5;1;123;672;0;0.11
Storage-bc5-s1-060;5;2;221;672;0;0.07
Storage-bc5-s1-061;5;2;304;672;0;0.48
Storage-bc5-s1-062;5;2;69;672;0;0.4
Storage-bc5-s1-063;5;2;447;672;0;0.32
Storage-bc5-s1-064;5;2;508;672;0;0.34
Storage-bc5-s1-065;5;1;537;672;0;0.6
Storage-bc5-s1-066;5;2;170;672;0;0.09
Storage-bc5-s1-067;5;1;472;672;0;0.23
Storage-bc5-s1-068;5;2;581;672;0;0.24
Storage-bc5-s1-069;5;1;344;672;0;0.62
Storage-bc5-s1-070;5;2;405;672;0;0.04
Storage-bc5-s1-071;5;2;456;672;0;0.11
Storage-bc5-s1-072;5;1;424;672;0;0.11
Storage-bc5-s1-073;5;2;115;672;0;0.02
Storage-bc5-s1-074;5;1;479;672;0;0.03
Storage-bc5-s1-075;5;2;267;672;0;0.08
Storage-bc5-s1-076;5;2;14;672;0;0.14
Storage-bc5-s1-077;5;1;211;672;0;0.21
Storage-bc5-s1-078;5;1;281;672;0;0.2
Storage-bc5-s1-079;5;1;460;672;0;0.14
Storage-bc5-s1-080;5;1;508;672;0;0.16
Storage-bc5-s1-081;5;1;183;672;0;0.54
Storage-bc5-s1-082;5;1;553;672;0;0.01
Storage-bc5-s1-083;5;1;416;672;0;0.26
Storage-bc5-s1-084;5;1;51;672;0;0.35
Storage-bc5-s1-085;5;2;284;672;0;0.4
Storage-bc5-s1-086;5;1;39;672;0;0.18
Storage-bc5-s1-087;5;2;295;672;0;0.36
Storage-bc5-s1-088;5;1;589;672;0;0.12
Storage-bc5-s1-089;5;2;359;672;0;0.21
Storage-bc5-s1-090;5;2;363;672;0;0.3
Storage-bc5-s1-091;5;2;468;672;0;0.32
Storage-bc5-s1-092;5;1;5;672;0;0.35
Storage-bc5-s1-093;5;1;464;672;0;0.27
Storage-bc5-s1-094;5;1;159;672;0;0.02
Storage-bc5-s1-095;5;2;88;672;0;0.12
Storage-bc5-s1-096;5;2;126;672;0;0.32
Storage-bc5-s1-097;5;1;175;672;0;0.3
Storage-bc5-s1-098;5;2;258;672;0;0.25
Storage-bc5-s1-099;5;1;344;672;0;0.5
Storage-bc6-s0-000;6;0;0;0;0;0.0
Storage-bc6-s1-000;6;2;327;672;0;0.24
Storage-bc6-s1-001;6;1;520;672;0;0.24
Storage-bc6-s1-002;6;1;422;672;0;0.04
Storage-bc6-s1-003;6;1;275;672;0;0.23
Storage-bc6-s1-004;6;1;53;672;0;0.13
Storage-bc6-s1-005;6;1;482;672;0;0.19
Storage-bc6-s1-006;6;1;373;672;0;0.26
Storage-bc6-s1-007;6;2;666;672;0;0.04
Storage-bc6-s1-008;6;1;549;672;0;0.02
Storage-bc6-s1-009;6;1;424;672;0;0.3
Storage-bc6-s1-010;6;2;590;672;0;0.18
Storage-bc6-s1-011;6;2;618;672;0;0.17
Storage-bc6-s1-012;6;2;228;672;0;0.07
Storage-bc6-s1-013;6;1;87;672;0;0.26
Storage-bc6-s1-014;6;2;383;672;0;0.35
Storage-bc6-s1-015;6;1;373;672;0;0.34
Storage-bc6-s1-016;6;2;429;672;0;0.05
Storage-bc6-s1-017;6;1;54;672;0;0.18
Storage-bc6-s1-018;6;2;607;672;0;0.21
Storage-bc6-s1-019;6;1;368;672;0;0.04
Storage-bc6-s1-020;6;2;75;672;0;0.13
Storage-bc6-s1-021;6;2;94;672;0;0.11
Storage-bc6-s1-022;6;1;656;672;0;0.46
Storage-bc6-s1-023;6;2;530;672;0;0.23
Storage-bc6-s1-024;6;2;119;672;0;0.24
Storage-bc6-s1-025;6;1;643;672;0;0.21
Storage-bc6-s1-026;6;1;315;672;0;0.43
Storage-bc6-s1-027;6;2;498;672;0;0.09
Storage-bc6-s1-028;6;1;149;672;0;0.16
Storage-bc6-s1-029;6;1;231;672;0;0.35
Storage-bc6-s1-030;6;1;46;672;0;0.09
Storage-bc6-s1-031;6;1;163;672;0;0.19
Storage-bc6-s1-032;6;2;198;672;0;0.44
Storage-bc6-s1-033;6;2;332;672;0;0.27
Storage-bc6-s1-034;6;1;661;672;0;0.1
Storage-bc6-s1-035;6;2;465;672;0;0.48
Storage-bc6-s1-036;6;1;199;672;0;0.03
Storage-bc6-s1-037;6;1;505;672;0;0.13
Storage-bc6-s1-038;6;1;601;672;0;0.1
Storage-bc6-s1-039;6;2;663;672;0;0.18
Storage-bc6-s1-040;6;1;343;672;0;0.14
Storage-bc6-s1-041;6;2;208;672;0;0.18
Storage-bc6-s1-042;6;2;218;672;0;0.21
Storage-bc6-s1-043;6;2;154;672;0;0.24
Storage-bc6-s1-044;6;1;182;672;0;0.54
Storage-bc6-s1-045;6;1;404;672;0;0.19
Storage-bc6-s1-046;6;1;263;672;0;0.03
Storage-bc6-s1-047;6;1;263;672;0;0.17
Storage-bc6-s1-048;6;2;45;672;0;0.16
Storage-bc6-s1-049;6;2;471;672;0;0.31
Storage-bc6-s1-050;6;1;630;672;0;0.13
Storage-bc6-s1-051;6;1;512;672;0;0.25
Storage-bc6-s1-052;6;1;592;672;0;0.15
Storage-bc6-s1-053;6;2;80;672;0;0.54
Storage-bc6-s1-054;6;1;346;672;0;0.04
Storage-bc6-s1-055;6;1;324;672;0;0.07
Storage-bc6-s1-056;6;1;494;672;0;0.38
Storage-bc6-s1-057;6;1;670;672;0;0.13
Storage-bc6-s1-058;6;1;370;672;0;0.29
Storage-bc6-s1-059;6;1;538;672;0;0.32
Storage-bc6-s1-060;6;2;106;672;0;0.02
Storage-bc6-s1-061;6;2;165;672;0;0.3
Storage-bc6-s1-062;6;2;137;672;0;0.09
Storage-bc6-s1-063;6;2;17;672;0;0.4
Storage-bc6-s1-064;6;1;261;672;0;0.01
Storage-bc6-s1-065;6;2;137;672;0;0.07
Storage-bc6-s1-066;6;1;143;672;0;0.01
Storage-bc6-s1-067;6;2;492;672;0;0.28
Storage-bc6-s1-068;6;1;376;672;0;0.05
Storage-bc6-s1-069;6;2;499;672;0;0.04
Storage-bc6-s1-070;6;2;596;672;0;0.04
Storage-bc6-s1-071;6;1;209;672;0;0.28
Storage-bc6-s1-072;6;1;643;672;0;0.19
Storage-bc6-s1-073;6;1;588;672;0;0.02
Storage-bc6-s1-074;6;2;298;672;0;0.17
Storage-bc6-s1-075;6;1;126;672;0;0.36
Storage-bc6-s1-076;6;1;545;672;0;0.34
Storage-bc6-s1-077;6;2;411;672;0;0.31
Storage-bc6-s1-078;6;2;205;672;0;0.16
Storage-bc6-s1-079;6;1;338;672;0;0.1
Storage-bc6-s1-080;6;2;291;672;0;0.16
Storage-bc6-s1-081;6;1;577;672;0;0.47
Storage-bc6-s1-082;6;1;461;672;0;0.38
Storage-bc6-s1-083;6;2;623;672;0;0.28
Storage-bc6-s1-084;6;1;58;672;0;0.3
Storage-bc6-s1-085;6;1;141;672;0;0.56
Storage-bc6-s1-086;6;1;521;672;0;0.47
Storage-bc6-s1-087;6;1;663;672;0;0.16
Storage-bc6-s1-088;6;1;648;672;0;0.2
Storage-bc6-s1-089;6;1;199;672;0;0.37
Storage-bc6-s1-090;6;2;58;672;0;0.45
Storage-bc6-s1-091;6;1;491;672;0;0.04
Storage-bc6-s1-092;6;2;100;672;0;0.03
Storage-bc6-s1-093;6;2;19;672;0;0.11
Storage-bc6-s1-094;6;1;159;672;0;0.3
Storage-bc6-s1-095;6;1;485;672;0;0.15
Storage-bc6-s1-096;6;2;444;672;0;0.23
Storage-bc6-s1-097;6;2;308;672;0;0.5
Storage-bc6-s1-098;6;1;603;672;0;0.58
Storage-bc6-s1-099;6;2;278;672;0;0.21
Storage-bc7-s0-000;7;0;0;0;0;0.0
Storage-bc7-s1-000;7;1;496;672;0;0.17
Storage-bc7-s1-001;7;1;182;672;0;0.56
Storage-bc7-s1-002;7;1;193;672;0;0.02
Storage-bc7-s1-003;7;2;465;672;0;0.33
Storage-bc7-s1-004;7;2;572;672;0;0.17
Storage-bc7-s1-005;7;1;115;672;0;0.61
Storage-bc7-s1-006;7;1;167;672;0;0.07
Storage-bc7-s1-007;7;2;250;672;0;0.15
Storage-bc7-s1-008;7;2;581;672;0;0.31
Storage-bc7-s1-009;7;2;224;672;0;0.06
Storage-bc7-s1-010;7;1;270;672;0;0.35
Storage-bc7-s1-011;7;1;102;672;0;0.35
Storage-bc7-s1-012;7;2;167;672;0;0.18
Storage-bc7-s1-013;7;2;213;672;0;0.23
Storage-bc7-s1-014;7;2;146;672;0;0.24
Storage-bc7-s1-015;7;1;1;672;0;0.14
Storage-bc7-s1-016;7;1;72;672;0;0.11
Storage-bc7-s1-017;7;2;384;672;0;0.48
Storage-bc7-s1-018;7;1;8;672;0;0.16
Storage-bc7-s1-019;7;2;404;672;0;0.02
Storage-bc7-s1-020;7;2;50;672;0;0.13
Storage-bc7-s1-021;7;1;258;672;0;0.22
Storage-bc7-s1-022;7;1;167;672;0;0.45
Storage-bc7-s1-023;7;2;487;672;0;0.34
Storage-bc7-s1-024;7;1;519;672;0;0.03
Storage-bc7-s1-025;7;1;211;672;0;0.08
Storage-bc7-s1-026;7;1;26;672;0;0.27
Storage-bc7-s1-027;7;2;249;672;0;0.28
Storage-bc7-s1-028;7;2;668;672;0;0.31
Storage-bc7-s1-029;7;1;385;672;0;0.28
Storage-bc7-s1-030;7;2;514;672;0;0.14
Storage-bc7-s1-031;7;2;160;672;0;0.36
Storage-bc7-s1-032;7;1;348;672;0;0.2
Storage-bc7-s1-033;7;2;478;672;0;0.04
Storage-bc7-s1-034;7;1;142;672;0;0.18
Storage-bc7-s1-035;7;1;464;672;0;0.06
Storage-bc7-s1-036;7;2;355;672;0;0.3
Storage-bc7-s1-037;7;1;443;672;0;0.28
Storage-bc7-s1-038;7;2;362;672;0;0.2
Storage-bc7-s1-039;7;2;136;672;0;0.14
Storage-bc7-s1-040;7;1;658;672;0;0.33
Storage-bc7-s1-041;7;1;383;672;0;0.29
Storage-bc7-s1-042;7;1;359;672;0;0.3
Storage-bc7-s1-043;7;1;440;672;0;0.15
Storage-bc7-s1-044;7;2;314;672;0;0.12
Storage-bc7-s1-045;7;1;386;672;0;0.17
Storage-bc7-s1-046;7;1;452;672;0;0.07
Storage-bc7-s1-047;7;2;553;672;0;0.2
Storage-bc7-s1-048;7;2;434;672;0;0.26
Storage-bc7-s1-049;7;1;446;672;0;0.04
Storage-bc7-s1-050;7;2;302;672;0;0.64
Storage-bc7-s1-051;7;2;419;672;0;0.19
Storage-bc7-s1-052;7;2;109;672;0;0.34
Storage-bc7-s1-053;7;1;351;672;0;0.33
Storage-bc7-s1-054;7;1;461;672;0;0.2
Storage-bc7-s1-055;7;2;214;672;0;0.05
Storage-bc7-s1-056;7;1;494;672;0;0.47
Storage-bc7-s1-057;7;2;17;672;0;0.07
Storage-bc7-s1-058;7;2;332;672;0;0.14
Storage-bc7-s1-059;7;1;604;672;0;0.02
Storage-bc7-s1-060;7;2;413;672;0;0.58
Storage-bc7-s1-061;7;2;360;672;0;0.11
Storage-bc7-s1-062;7;2;273;672;0;0.15
Storage-bc7-s1-063;7;1;149;672;0;0.19
Storage-bc7-s1-064;7;1;318;672;0;0.21
Storage-bc7-s1-065;7;1;573;672;0;0.46
Storage-bc7-s1-066;7;1;535;672;0;0.07
Storage-bc7-s1-067;7;2;575;672;0;0.04
Storage-bc7-s1-068;7;1;374;672;0;0.35
Storage-bc7-s1-069;7;1;452;672;0;0.31
Storage-bc7-s1-070;7;2;62;672;0;0.29
Storage-bc7-s1-071;7;2;506;672;0;0.1
Storage-bc7-s1-072;7;1;39;672;0;0.64
Storage-bc7-s1-073;7;1;229;672;0;0.02
Storage-bc7-s1-074;7;1;183;672;0;0.18
Storage-bc7-s1-075;7;1;137;672;0;0.37
Storage-bc7-s1-076;7;2;31;672;0;0.04
Storage-bc7-s1-077;7;2;361;672;0;0.15
Storage-bc7-s1-078;7;2;90;672;0;0.31
Storage-bc7-s1-079;7;2;70;672;0;0.16
Storage-bc7-s1-080;7;2;147;672;0;0.22
Storage-bc7-s1-081;7;1;422;672;0;0.47
Storage-bc7-s1-082;7;1;567;672;0;0.13
Storage-bc7-s1-083;7;1;635;672;0;0.19
Storage-bc7-s1-084;7;2;164;672;0;0.2
Storage-bc7-s1-085;7;2;282;672;0;0.21
Storage-bc7-s1-086;7;1;582;672;0;0.25
Storage-bc7-s1-087;7;1;283;672;0;0.12
Storage-bc7-s1-088;7;1;409;672;0;0.12
Storage-bc7-s1-089;7;1;150;672;0;0.24
Storage-bc7-s1-090;7;1;194;672;0;0.03
Storage-bc7-s1-091;7;1;645;672;0;0.08
Storage-bc7-s1-092;7;1;138;672;0;0.22
Storage-bc7-s1-093;7;2;245;672;0;0.57
Storage-bc7-s1-094;7;1;580;672;0;0.05
Storage-bc7-s1-095;7;2;352;672;0;0.11
Storage-bc7-s1-096;7;1;388;672;0;0.24
Storage-bc7-s1-097;7;2;67;672;0;0.1
Storage-bc7-s1-098;7;1;612;672;0;0.16
Storage-bc7-s1-099;7;1;207;672;0;0.07
Storage-bc8-s0-000;8;0;0;0;0;0.0
Storage-bc8-s1-000;8;1;9;672;0;0.1
Storage-bc8-s1-001;8;2;544;672;0;0.04
Storage-bc8-s1-002;8;1;309;672;0;0.28
Storage-bc8-s1-003;8;1;350;672;0;0.19
Storage-bc8-s1-004;8;1;25;672;0;0.12
Storage-bc8-s1-005;8;1;23;672;0;0.28
Storage-bc8-s1-006;8;1;459;672;0;0.04
Storage-bc8-s1-007;8;2;572;672;0;0.22
Storage-bc8-s1-008;8;2;248;672;0;0.02
Storage-bc8-s1-009;8;1;91;672;0;0.38
Storage-bc8-s1-010;8;2;37;672;0;0.38
Storage-bc8-s1-011;8;2;248;672;0;0.19
Storage-bc8-s1-012;8;2;568;672;0;0.29
Storage-bc8-s1-013;8;1;411;672;0;0.45
Storage-bc8-s1-014;8;2;228;672;0;0.62
Storage-bc8-s1-015;8;1;322;672;0;0.3
Storage-bc8-s1-016;8;1;360;672;0;0.51
Storage-bc8-s1-017;8;1;184;672;0;0.25
Storage-bc8-s1-018;8;2;398;672;0;0.16
Storage-bc8-s1-019;8;1;125;672;0;0.3
Storage-bc8-s1-020;8;1;150;672;0;0.24
Storage-bc8-s1-021;8;2;127;672;0;0.12
Storage-bc8-s1-022;8;2;482;672;0;0.05
Storage-bc8-s1-023;8;1;304;672;0;0.31
Storage-bc8-s1-024;8;1;133;672;0;0.01
Storage-bc8-s1-025;8;1;511;672;0;0.73
Storage-bc8-s1-026;8;1;118;672;0;0.01
Storage-bc8-s1-027;8;1;259;672;0;0.26
Storage-bc8-s1-028;8;1;361;672;0;0.5
Storage-bc8-s1-029;8;1;208;672;0;0.25
Storage-bc8-s1-030;8;2;566;672;0;0.33
Storage-bc8-s1-031;8;2;617;672;0;0.24
Storage-bc8-s1-032;8;1;190;672;0;0.24
Storage-bc8-s1-033;8;1;374;672;0;0.31
Storage-bc8-s1-034;8;1;498;672;0;0.04
Storage-bc8-s1-035;8;1;431;672;0;0.04
Storage-bc8-s1-036;8;2;111;672;0;0.23
Storage-bc8-s1-037;8;2;277;672;0;0.23
Storage-bc8-s1-038;8;2;334;672;0;0.06
Storage-bc8-s1-039;8;1;84;672;0;0.21
Storage-bc8-s1-040;8;1;366;672;0;0.32
Storage-bc8-s1-041;8;2;309;672;0;0.59
Storage-bc8-s1-042;8;1;470;672;0;0.15
Storage-bc8-s1-043;8;2;242;672;0;0.14
Storage-bc8-s1-044;8;2;205;672;0;0.05
Storage-bc8-s1-045;8;2;533;672;0;0.01
Storage-bc8-s1-046;8;2;505;672;0;0.18
Storage-bc8-s1-047;8;1;42;672;0;0.02
Storage-bc8-s1-048;8;2;384;672;0;0.22
Storage-bc8-s1-049;8;2;483;672;0;0.18
Storage-bc8-s1-050;8;1;260;672;0;0.03
Storage-bc8-s1-051;8;2;233;672;0;0.62
Storage-bc8-s1-052;8;2;508;672;0;0.33
Storage-bc8-s1-053;8;1;602;672;0;0.05
Storage-bc8-s1-054;8;2;21;672;0;0.48
Storage-bc8-s1-055;8;1;591;672;0;0.23
Storage-bc8-s1-056;8;1;203;672;0;0.39
Storage-bc8-s1-057;8;2;199;672;0;0.11
Storage-bc8-s1-058;8;2;299;672;0;0.2
Storage-bc8-s1-059;8;1;504;672;0;0.56
Storage-bc8-s1-060;8;1;384;672;0;0.18
Storage-bc8-s1-061;8;1;190;672;0;0.4
Storage-bc8-s1-062;8;2;215;672;0;0.08
Storage-bc8-s1-063;8;1;363;672;0;0.27
Storage-bc8-s1-064;8;1;162;672;0;0.44
Storage-bc8-s1-065;8;1;429;672;0;0.53
Storage-bc8-s1-066;8;1;478;672;0;0.39
Storage-bc8-s1-067;8;2;414;672;0;0.37
Storage-bc8-s1-068;8;2;30;672;0;0.38
Storage-bc8-s1-069;8;2;642;672;0;0.2
Storage-bc8-s1-070;8;1;241;672;0;0.01
Storage-bc8-s1-071;8;2;307;672;0;0.26
Storage-bc8-s1-072;8;2;332;672;0;0.2
Storage-bc8-s1-073;8;2;522;672;0;0.54
Storage-bc8-s1-074;8;2;494;672;0;0.1
Storage-bc8-s1-075;8;1;592;672;0;0.48
Storage-bc8-s1-076;8;1;221;672;0;0.12
Storage-bc8-s1-077;8;1;358;672;0;0.12
Storage-bc8-s1-078;8;2;220;672;0;0.05
Storage-bc8-s1-079;8;1;161;672;0;0.62
Storage-bc8-s1-080;8;2;393;672;0;0.33
Storage-bc8-s1-081;8;1;203;672;0;0.2
Storage-bc8-s1-082;8;2;591;672;0;0.21
Storage-bc8-s1-083;8;1;449;672;0;0.3
Storage-bc8-s1-084;8;1;394;672;0;0.75
Storage-bc8-s1-085;8;2;264;672;0;0.01
Storage-bc8-s1-086;8;2;45;672;0;0.42
Storage-bc8-s1-087;8;1;378;672;0;0.45
Storage-bc8-s1-088;8;2;567;672;0;0.42
Storage-bc8-s1-089;8;1;401;672;0;0.12
Storage-bc8-s1-090;8;1;558;672;0;0.15
Storage-bc8-s1-091;8;2;491;672;0;0.14
Storage-bc8-s1-092;8;1;231;672;0;0.25
Storage-bc8-s1-093;8;1;211;672;0;0.32
Storage-bc8-s1-094;8;2;358;672;0;0.24
Storage-bc8-s1-095;8;1;113;672;0;0.67
Storage-bc8-s1-096;8;2;317;672;0;0.52
Storage-bc8-s1-097;8;2;469;672;0;0.13
Storage-bc8-s1-098;8;2;432;672;0;0.58
Storage-bc8-s1-099;8;2;512;672;0;0.55
Storage-bc9-s0-000;9;0;0;0;0;0.0
Storage-bc9-s1-000;9;2;373;672;0;0.54
Storage-bc9-s1-001;9;1;212;672;0;0.45
Storage-bc9-s1-002;9;2;355;672;0;0.18
Storage-bc9-s1-003;9;1;566;672;0;0.01
Storage-bc9-s1-004;9;1;513;672;0;0.51
Storage-bc9-s1-005;9;1;337;672;0;0.29
Storage-bc9-s1-006;9;1;465;672;0;0.75
Storage-bc9-s1-007;9;1;184;672;0;0.07
Storage-bc9-s1-008;9;1;356;672;0;0.1
Storage-bc9-s1-009;9;1;576;672;0;0.01
Storage-bc9-s1-010;9;1;106;672;0;0.58
Storage-bc9-s1-011;9;2;25;672;0;0.11
Storage-bc9-s1-012;9;2;604;672;0;0.65
Storage-bc9-s1-013;9;2;533;672;0;0.23
Storage-bc9-s1-014;9;2;383;672;0;0.2
Storage-bc9-s1-015;9;2;566;672;0;0.21
Storage-bc9-s1-016;9;1;568;672;0;0.31
Storage-bc9-s1-017;9;2;196;672;0;0.08
Storage-bc9-s1-018;9;1;520;672;0;0.06
Storage-bc9-s1-019;9;2;433;672;0;0.42
Storage-bc9-s1-020;9;1;456;672;0;0.26
Storage-bc9-s1-021;9;2;371;672;0;0.31
Storage-bc9-s1-022;9;2;511;672;0;0.13
Storage-bc9-s1-023;9;2;373;672;0;0.58
Storage-bc9-s1-024;9;1;242;672;0;0.15
Storage-bc9-s1-025;9;2;516;672;0;0.24
Storage-bc9-s1-026;9;1;501;672;0;0.38
Storage-bc9-s1-027;9;2;100;672;0;0.15
Storage-bc9-s1-028;9;1;356;672;0;0.16
Storage-bc9-s1-029;9;1;385;672;0;0.11
Storage-bc9-s1-030;9;1;356;672;0;0.74
Storage-bc9-s1-031;9;1;99;672;0;0.2
Storage-bc9-s1-032;9;1;645;672;0;0.19
Storage-bc9-s1-033;9;1;18;672;0;0.49
Storage-bc9-s1-034;9;2;559;672;0;0.02
Storage-bc9-s1-035;9;1;573;672;0;0.26
Storage-bc9-s1-036;9;2;102;672;0;0.26
Storage-bc9-s1-037;9;2;442;672;0;0.19
Storage-bc9-s1-038;9;1;432;672;0;0.15
Storage-bc9-s1-039;9;2;392;672;0;0.62
Storage-bc9-s1-040;9;1;132;672;0;0.19
Storage-bc9-s1-041;9;2;95;672;0;0.56
Storage-bc9-s1-042;9;1;504;672;0;0.62
Storage-bc9-s1-043;9;2;518;672;0;0.0
Storage-bc9-s1-044;9;2;329;672;0;0.08
Storage-bc9-s1-045;9;1;518;672;0;0.19
Storage-bc9-s1-046;9;1;585;672;0;0.09
Storage-bc9-s1-047;9;1;53;672;0;0.05
Storage-bc9-s1-048;9;2;642;672;0;0.29
Storage-bc9-s1-049;9;1;254;672;0;0.08
Storage-bc9-s1-050;9;2;54;672;0;0.18
Storage-bc9-s1-051;9;2;215;672;0;0.47
Storage-bc9-s1-052;9;2;36;672;0;0.29
Storage-bc9-s1-053;9;1;494;672;0;0.18
Storage-bc9-s1-054;9;1;127;672;0;0.28
Storage-bc9-s1-055;9;2;265;672;0;0.19
Storage-bc9-s1-056;9;2;332;672;0;0.21
Storage-bc9-s1-057;9;1;119;672;0;0.22
Storage-bc9-s1-058;9;1;306;672;0;0.38
Storage-bc9-s1-059;9;2;389;672;0;0.37
Storage-bc9-s1-060;9;1;459;672;0;0.19
Storage-bc9-s1-061;9;2;58;672;0;0.52
Storage-bc9-s1-062;9;2;100;672;0;0.31
Storage-bc9-s1-063;9;2;260;672;0;0.0
Storage-bc9-s1-064;9;2;617;672;0;0.28
Storage-bc9-s1-065;9;2;29;672;0;0.22
Storage-bc9-s1-066;9;1;3;672;0;0.06
Storage-bc9-s1-067;9;2;529;672;0;0.1
Storage-bc9-s1-068;9;1;181;672;0;0.05
Storage-bc9-s1-069;9;2;148;672;0;0.32
Storage-bc9-s1-070;9;1;153;672;0;0.66
Storage-bc9-s1-071;9;1;512;672;0;0.12
Storage-bc9-s1-072;9;2;239;672;0;0.45
Storage-bc9-s1-073;9;2;404;672;0;0.16
Storage-bc9-s1-074;9;2;515;672;0;0.33
Storage-bc9-s1-075;9;2;1;672;0;0.14
Storage-bc9-s1-076;9;1;287;672;0;0.06
Storage-bc9-s1-077;9;2;533;672;0;0.1
Storage-bc9-s1-078;9;1;547;672;0;0.12
Storage-bc9-s1-079;9;2;411;672;0;0.22
Storage-bc9-s1-080;9;1;332;672;0;0.01
Storage-bc9-s1-081;9;2;488;672;0;0.42
Storage-bc9-s1-082;9;1;98;672;0;0.21
Storage-bc9-s1-083;9;1;491;672;0;0.12
Storage-bc9-s1-084;9;1;246;672;0;0.09
Storage-bc9-s1-085;9;1;308;672;0;0.07
Storage-bc9-s1-086;9;1;393;672;0;0.15
Storage-bc9-s1-087;9;1;596;672;0;0.31
Storage-bc9-s1-088;9;1;145;672;0;0.31
Storage-bc9-s1-089;9;2;62;672;0;0.19
Storage-bc9-s1-090;9;2;539;672;0;0.18
Storage-bc9-s1-091;9;1;393;672;0;0.32
Storage-bc9-s1-092;9;2;438;672;0;0.07
Storage-bc9-s1-093;9;1;71;672;0;0.18
Storage-bc9-s1-094;9;1;32;672;0;0.2
Storage-bc9-s1-095;9;1;283;672;0;0.11
Storage-bc9-s1-096;9;2;112;672;0;0.2
Storage-bc9-s1-097;9;1;670;672;0;0.21
Storage-bc9-s1-098;9;2;546;672;0;0.18
Storage-bc9-s1-099;9;2;130;672;0;0.01
Storage-bc10-s0-000;10;0;0;0;0;0.0
Storage-bc10-s1-000;10;2;92;672;0;0.29
Storage-bc10-s1-001;10;1;626;672;0;0.06
Storage-bc10-s1-002;10;2;6;672;0;0.05
Storage-bc10-s1-003;10;2;137;672;0;0.16
Storage-bc10-s1-004;10;1;119;672;0;0.07
Storage-bc10-s1-005;10;2;626;672;0;0.09
Storage-bc10-s1-006;10;1;564;672;0;0.34
Storage-bc10-s1-007;10;2;591;672;0;0.25
Storage-bc10-s1-008;10;1;235;672;0;0.22
Storage-bc10-s1-009;10;2;418;672;0;0.09
Storage-bc10-s1-010;10;1;540;672;0;0.48
Storage-bc10-s1-011;10;2;57;672;0;0.14
Storage-bc10-s1-012;10;2;63;672;0;0.03
Storage-bc10-s1-013;10;1;494;672;0;0.12
Storage-bc10-s1-014;10;2;409;672;0;0.12
Storage-bc10-s1-015;10;1;513;672;0;0.39
Storage-bc10-s1-016;10;1;534;672;0;0.31
Storage-bc10-s1-017;10;1;39;672;0;0.21
Storage-bc10-s1-018;10;1;571;672;0;0.17
Storage-bc10-s1-019;10;2;69;672;0;0.22
Storage-bc10-s1-020;10;2;285;672;0;0.55
Storage-bc10-s1-021;10;2;657;672;0;0.08
Storage-bc10-s1-022;10;1;422;672;0;0.32
Storage-bc10-s1-023;10;2;233;672;0;0.67
Storage-bc10-s1-024;10;2;318;672;0;0.23
Storage-bc10-s1-025;10;1;377;672;0;0.28
Storage-bc10-s1-026;10;2;13;672;0;0.39
Storage-bc10-s1-027;10;2;605;672;0;0.39
Storage-bc10-s1-028;10;2;563;672;0;0.15
Storage-bc10-s1-029;10;2;450;672;0;0.07
Storage-bc10-s1-030;10;2;408;672;0;0.53
Storage-bc10-s1-031;10;2;393;672;0;0.08
Storage-bc10-s1-032;10;2;445;672;0;0.29
Storage-bc10-s1-033;10;2;567;672;0;0.63
Storage-bc10-s1-034;10;1;246;672;0;0.45
Storage-bc10-s1-035;10;2;465;672;0;0.18
Storage-bc10-s1-036;10;2;117;672;0;0.31
Storage-bc10-s1-037;10;1;46;672;0;0.07
Storage-bc10-s1-038;10;1;1;672;0;0.45
Storage-bc10-s1-039;10;2;179;672;0;0.05
Storage-bc10-s1-040;10;1;625;672;0;0.12
Storage-bc10-s1-041;10;2;500;672;0;0.22
Storage-bc10-s1-042;10;2;531;672;0;0.06
Storage-bc10-s1-043;10;2;126;672;0;0.26
Storage-bc10-s1-044;10;1;566;672;0;0.23
Storage-bc10-s1-045;10;2;345;672;0;0.3
Storage-bc10-s1-046;10;1;365;672;0;0.16
Storage-bc10-s1-047;10;1;407;672;0;0.39
Storage-bc10-s1-048;10;2;376;672;0;0.18
Storage-bc10-s1-049;10;2;283;672;0;0.08
Storage-bc10-s1-050;10;2;525;672;0;0.08
Storage-bc10-s1-051;10;1;78;672;0;0.67
Storage-bc10-s1-052;10;2;605;672;0;0.19
Storage-bc10-s1-053;10;2;169;672;0;0.13
Storage-bc10-s1-054;10;2;474;672;0;0.06
Storage-bc10-s1-055;10;1;458;672;0;0.27
Storage-bc10-s1-056;10;2;151;672;0;0.18
Storage-bc10-s1-057;10;1;554;672;0;0.4
Storage-bc10-s1-058;10;2;94;672;0;0.09
Storage-bc10-s1-059;10;1;669;672;0;0.01
Storage-bc10-s1-060;10;2;364;672;0;0.41
Storage-bc10-s1-061;10;2;586;672;0;0.07
Storage-bc10-s1-062;10;1;508;672;0;0.55
Storage-bc10-s1-063;10;2;196;672;0;0.27
Storage-bc10-s1-064;10;2;613;672;0;0.05
Storage-bc10-s1-065;10;2;122;672;0;0.26
Storage-bc10-s1-066;10;1;567;672;0;0.35
Storage-bc10-s1-067;10;2;433;672;0;0.01
Storage-bc10-s1-068;10;1;476;672;0;0.36
Storage-bc10-s1-069;10;1;590;672;0;0.4
Storage-bc10-s1-070;10;2;421;672;0;0.24
Storage-bc10-s1-071;10;2;202;672;0;0.18
Storage-bc10-s1-072;10;1;596;672;0;0.13
Storage-bc10-s1-073;10;1;252;672;0;0.4
Storage-bc10-s1-074;10;2;174;672;0;0.04
Storage-bc10-s1-075;10;2;433;672;0;0.09
Storage-bc10-s1-076;10;2;550;672;0;0.32
Storage-bc10-s1-077;10;2;415;672;0;0.33
Storage-bc10-s1-078;10;2;27;672;0;0.52
Storage-bc10-s1-079;10;2;243;672;0;0.28
Storage-bc10-s1-080;10;1;431;672;0;0.27
Storage-bc10-s1-081;10;2;659;672;0;0.19
Storage-bc10-s1-082;10;2;390;672;0;0.3
Storage-bc10-s1-083;10;2;491;672;0;0.24
Storage-bc10-s1-084;10;1;39;672;0;0.14
Storage-bc10-s1-085;10;1;643;672;0;0.02
Storage-bc10-s1-086;10;1;175;672;0;0.16
Storage-bc10-s1-087;10;2;580;672;0;0.04
Storage-bc10-s1-088;10;2;579;672;0;0.6
Storage-bc10-s1-089;10;2;662;672;0;0.04
Storage-bc10-s1-090;10;1;661;672;0;0.17
Storage-bc10-s1-091;10;1;220;672;0;0.17
Storage-bc10-s1-092;10;1;384;672;0;0.31
Storage-bc10-s1-093;10;1;314;672;0;0.42
Storage-bc10-s1-094;10;1;267;672;0;0.2
Storage-bc10-s1-095;10;2;422;672;0;0.17
Storage-bc10-s1-096;10;2;138;672;0;0.21
Storage-bc10-s1-097;10;1;540;672;0;0.06
Storage-bc10-s1-098;10;2;453;672;0;0.25
Storage-bc10-s1-099;10;2;87;672;0;0.26
Storage-bc11-s0-000;11;0;0;0;0;0.0
Storage-bc11-s1-000;11;2;573;672;0;0.53
Storage-bc11-s1-001;11;1;346;672;0;0.3
Storage-bc11-s1-002;11;2;358;672;0;0.06
Storage-bc11-s1-003;11;2;498;672;0;0.03
Storage-bc11-s1-004;11;1;341;672;0;0.03
Storage-bc11-s1-005;11;1;359;672;0;0.63
Storage-bc11-s1-006;11;1;119;672;0;0.3
Storage-bc11-s1-007;11;2;171;672;0;0.43
Storage-bc11-s1-008;11;2;518;672;0;0.51
Storage-bc11-s1-009;11;2;629;672;0;0.11
Storage-bc11-s1-010;11;2;294;672;0;0.17
Storage-bc11-s1-011;11;1;463;672;0;0.11
Storage-bc11-s1-012;11;2;115;672;0;0.26
Storage-bc11-s1-013;11;1;189;672;0;0.17
Storage-bc11-s1-014;11;1;165;672;0;0.49
Storage-bc11-s1-015;11;1;382;672;0;0.02
Storage-bc11-s1-016;11;1;136;672;0;0.11
Storage-bc11-s1-017;11;1;82;672;0;0.1
Storage-bc11-s1-018;11;2;446;672;0;0.08
Storage-bc11-s1-019;11;2;237;672;0;0.54
Storage-bc11-s1-020;11;2;308;672;0;0.18
Storage-bc11-s1-021;11;1;109;672;0;0.14
Storage-bc11-s1-022;11;1;74;672;0;0.16
Storage-bc11-s1-023;11;2;263;672;0;0.38
Storage-bc11-s1-024;11;2;302;672;0;0.23
Storage-bc11-s1-025;11;2;90;672;0;0.09
Storage-bc11-s1-026;11;1;205;672;0;0.32
Storage-bc11-s1-027;11;1;594;672;0;0.03
Storage-bc11-s1-028;11;1;588;672;0;0.0
Storage-bc11-s1-029;11;1;167;672;0;0.01
Storage-bc11-s1-030;11;2;48;672;0;0.41
Storage-bc11-s1-031;11;1;453;672;0;0.13
Storage-bc11-s1-032;11;2;273;672;0;0.16
Storage-bc11-s1-033;11;2;261;672;0;0.08
Storage-bc11-s1-034;11;2;188;672;0;0.45
Storage-bc11-s1-035;11;2;646;672;0;0.0
Storage-bc11-s1-036;11;1;415;672;0;0.13
Storage-bc11-s1-037;11;1;504;672;0;0.66
Storage-bc11-s1-038;11;1;391;672;0;0.35
Storage-bc11-s1-039;11;2;55;672;0;0.88
Storage-bc11-s1-040;11;2;608;672;0;0.43
Storage-bc11-s1-041;11;1;17;672;0;0.13
Storage-bc11-s1-042;11;2;231;672;0;0.32
Storage-bc11-s1-043;11;1;78;672;0;0.5
Storage-bc11-s1-044;11;2;81;672;0;0.08
Storage-bc11-s1-045;11;2;530;672;0;0.38
Storage-bc11-s1-046;11;1;175;672;0;0.18
Storage-bc11-s1-047;11;2;378;672;0;0.21
Storage-bc11-s1-048;11;1;363;672;0;0.08
Storage-bc11-s1-049;11;2;161;672;0;0.01
Storage-bc11-s1-050;11;2;111;672;0;0.21
Storage-bc11-s1-051;11;2;49;672;0;0.47
Storage-bc11-s1-052;11;1;399;672;0;0.24
Storage-bc11-s1-053;11;2;255;672;0;0.2
Storage-bc11-s1-054;11;2;87;672;0;0.02
Storage-bc11-s1-055;11;2;624;672;0;0.1
Storage-bc11-s1-056;11;2;7;672;0;0.31
Storage-bc11-s1-057;11;2;395;672;0;0.32
Storage-bc11-s1-058;11;2;184;672;0;0.3
Storage-bc11-s1-059;11;1;184;672;0;0.09
Storage-bc11-s1-060;11;1;627;672;0;0.13
Storage-bc11-s1-061;11;1;497;672;0;0.48
Storage-bc11-s1-062;11;2;459;672;0;0.09
Storage-bc11-s1-063;11;2;221;672;0;0.29
Storage-bc11-s1-064;11;2;14;672;0;0.2
Storage-bc11-s1-065;11;1;146;672;0;0.02
Storage-bc11-s1-066;11;2;223;672;0;0.23
Storage-bc11-s1-067;11;2;213;672;0;0.33
Storage-bc11-s1-068;11;2;481;672;0;0.11
Storage-bc11-s1-069;11;2;269;672;0;0.17
Storage-bc11-s1-070;11;1;602;672;0;0.14
Storage-bc11-s1-071;11;2;161;672;0;0.06
Storage-bc11-s1-072;11;1;280;672;0;0.24
Storage-bc11-s1-073;11;1;284;672;0;0.18
Storage-bc11-s1-074;11;1;180;672;0;0.1
Storage-bc11-s1-075;11;1;192;672;0;0.07
Storage-bc11-s1-076;11;2;282;672;0;0.25
Storage-bc11-s1-077;11;2;571;672;0;0.04
Storage-bc11-s1-078;11;1;602;672;0;0.09
Storage-bc11-s1-079;11;2;319;672;0;0.31
Storage-bc11-s1-080;11;1;620;672;0;0.48
Storage-bc11-s1-081;11;1;470;672;0;0.04
Storage-bc11-s1-082;11;1;467;672;0;0.09
Storage-bc11-s1-083;11;2;203;672;0;0.37
Storage-bc11-s1-084;11;1;133;672;0;0.38
Storage-bc11-s1-085;11;1;131;672;0;0.04
Storage-bc11-s1-086;11;2;616;672;0;0.06
Storage-bc11-s1-087;11;2;440;672;0;0.4
Storage-bc11-s1-088;11;1;670;672;0;0.27
Storage-bc11-s1-089;11;1;183;672;0;0.57
Storage-bc11-s1-090;11;2;382;672;0;0.43
Storage-bc11-s1-091;11;1;473;672;0;0.11
Storage-bc11-s1-092;11;1;607;672;0;0.14
Storage-bc11-s1-093;11;1;403;672;0;0.37
Storage-bc11-s1-094;11;1;133;672;0;0.64
Storage-bc11-s1-095;11;2;547;672;0;0.08
Storage-bc11-s1-096;11;2;619;672;0;0.18
Storage-bc11-s1-097;11;2;239;672;0;0.21
Storage-bc11-s1-098;11;2;101;672;0;0.13
Storage-bc11-s1-099;11;1;551;672;0;0.23
Storage-bc12-s0-000;12;0;0;0;0;0.0
Storage-bc12-s1-000;12;1;416;672;0;0.45
Storage-bc12-s1-001;12;2;149;672;0;0.27
Storage-bc12-s1-002;12;1;123;672;0;0.45
Storage-bc12-s1-003;12;2;3;672;0;0.11
Storage-bc12-s1-004;12;1;629;672;0;0.26
Storage-bc12-s1-005;12;1;148;672;0;0.29
Storage-bc12-s1-006;12;1;135;672;0;0.27
Storage-bc12-s1-007;12;1;564;672;0;0.36
Storage-bc12-s1-008;12;2;242;672;0;0.3
Storage-bc12-s1-009;12;2;9;672;0;0.38
Storage-bc12-s1-010;12;1;622;672;0;0.37
Storage-bc12-s1-011;12;1;571;672;0;0.11
Storage-bc12-s1-012;12;2;547;672;0;0.04
Storage-bc12-s1-013;12;2;314;672;0;0.03
Storage-bc12-s1-014;12;1;483;672;0;0.07
Storage-bc12-s1-015;12;1;440;672;0;0.13
Storage-bc12-s1-016;12;1;549;672;0;0.12
Storage-bc12-s1-017;12;2;317;672;0;0.37
Storage-bc12-s1-018;12;1;460;672;0;0.75
Storage-bc12-s1-019;12;1;278;672;0;0.08
Storage-bc12-s1-020;12;1;327;672;0;0.04
Storage-bc12-s1-021;12;2;43;672;0;0.0
Storage-bc12-s1-022;12;1;384;672;0;0.36
Storage-bc12-s1-023;12;2;238;672;0;0.06
Storage-bc12-s1-024;12;1;215;672;0;0.33
Storage-bc12-s1-025;12;2;130;672;0;0.15
Storage-bc12-s1-026;12;2;200;672;0;0.26
Storage-bc12-s1-027;12;2;120;672;0;0.53
Storage-bc12-s1-028;12;2;662;672;0;0.53
Storage-bc12-s1-029;12;2;432;672;0;0.21
Storage-bc12-s1-030;12;2;390;672;0;0.2
Storage-bc12-s1-031;12;1;52;672;0;0.68
Storage-bc12-s1-032;12;1;172;672;0;0.02
Storage-bc12-s1-033;12;1;394;672;0;0.28
Storage-bc12-s1-034;12;2;222;672;0;0.73
Storage-bc12-s1-035;12;1;543;672;0;0.13
Storage-bc12-s1-036;12;2;570;672;0;0.2
Storage-bc12-s1-037;12;1;521;672;0;0.24
Storage-bc12-s1-038;12;2;31;672;0;0.23
Storage-bc12-s1-039;12;1;79;672;0;0.08
Storage-bc12-s1-040;12;1;258;672;0;0.0
Storage-bc12-s1-041;12;1;499;672;0;0.04
Storage-bc12-s1-042;12;2;477;672;0;0.51
Storage-bc12-s1-043;12;1;324;672;0;0.57
Storage-bc12-s1-044;12;2;112;672;0;0.04
Storage-bc12-s1-045;12;1;423;672;0;0.17
Storage-bc12-s1-046;12;2;627;672;0;0.1
Storage-bc12-s1-047;12;1;352;672;0;0.09
Storage-bc12-s1-048;12;1;172;672;0;0.46
Storage-bc12-s1-049;12;2;656;672;0;0.02
Storage-bc12-s1-050;12;1;327;672;0;0.14
Storage-bc12-s1-051;12;1;409;672;0;0.94
Storage-bc12-s1-052;12;1;388;672;0;0.54
Storage-bc12-s1-053;12;2;80;672;0;0.35
Storage-bc12-s1-054;12;1;372;672;0;0.74
Storage-bc12-s1-055;12;2;310;672;0;0.01
Storage-bc12-s1-056;12;1;254;672;0;0.17
Storage-bc12-s1-057;12;2;190;672;0;0.32
Storage-bc12-s1-058;12;1;249;672;0;0.04
Storage-bc12-s1-059;12;1;288;672;0;0.33
Storage-bc12-s1-060;12;2;569;672;0;0.58
Storage-bc12-s1-061;12;2;474;672;0;0.13
Storage-bc12-s1-062;12;1;484;672;0;0.15
Storage-bc12-s1-063;12;1;640;672;0;0.37
Storage-bc12-s1-064;12;1;181;672;0;0.58
Storage-bc12-s1-065;12;2;257;672;0;0.11
Storage-bc12-s1-066;12;2;638;672;0;0.42
Storage-bc12-s1-067;12;2;210;672;0;0.07
Storage-bc12-s1-068;12;2;329;672;0;0.38
Storage-bc12-s1-069;12;2;471;672;0;0.12
Storage-bc12-s1-070;12;1;381;672;0;0.3
Storage-bc12-s1-071;12;2;657;672;0;0.02
Storage-bc12-s1-072;12;1;39;672;0;0.22
Storage-bc12-s1-073;12;2;393;672;0;0.27
Storage-bc12-s1-074;12;2;523;672;0;0.44
Storage-bc12-s1-075;12;1;408;672;0;0.29
Storage-bc12-s1-076;12;1;630;672;0;0.33
Storage-bc12-s1-077;12;2;429;672;0;0.82
Storage-bc12-s1-078;12;2;361;672;0;0.12
Storage-bc12-s1-079;12;1;97;672;0;0.53
Storage-bc12-s1-080;12;2;598;672;0;0.07
Storage-bc12-s1-081;12;1;94;672;0;0.17
Storage-bc12-s1-082;12;1;470;672;0;0.18
Storage-bc12-s1-083;12;1;597;672;0;0.01
Storage-bc12-s1-084;12;1;149;672;0;0.15
Storage-bc12-s1-085;12;2;232;672;0;0.13
Storage-bc12-s1-086;12;1;393;672;0;0.18
Storage-bc12-s1-087;12;2;280;672;0;0.39
Storage-bc12-s1-088;12;1;211;672;0;0.21
Storage-bc12-s1-089;12;1;430;672;0;0.2
Storage-bc12-s1-090;12;1;246;672;0;0.4
Storage-bc12-s1-091;12;2;318;672;0;0.0
Storage-bc12-s1-092;12;1;300;672;0;0.2
Storage-bc12-s1-093;12;1;451;672;0;0.44
Storage-bc12-s1-094;12;1;117;672;0;0.18
Storage-bc12-s1-095;12;2;601;672;0;0.03
Storage-bc12-s1-096;12;1;442;672;0;0.12
Storage-bc12-s1-097;12;2;548;672;0;0.26
Storage-bc12-s1-098;12;2;476;672;0;0.38
Storage-bc12-s1-099;12;1;235;672;0;0.06
